,class
921,b'0'
5314,b'0'
3273,b'0'
1103,b'0'
3249,b'0'
1989,b'0'
2268,b'0'
2481,b'0'
2709,b'0'
1121,b'0'
5245,b'0'
2989,b'0'
4489,b'0'
4122,b'0'
5654,b'1'
2254,b'0'
2359,b'0'
2224,b'0'
437,b'0'
2810,b'0'
1154,b'0'
5173,b'0'
2445,b'0'
3816,b'0'
63,b'0'
2850,b'0'
2391,b'0'
4797,b'0'
5005,b'0'
5427,b'0'
140,b'0'
3931,b'0'
5493,b'0'
2858,b'0'
605,b'0'
4579,b'0'
1524,b'0'
920,b'0'
1584,b'0'
1794,b'0'
5786,b'1'
4839,b'0'
4104,b'0'
4999,b'0'
3403,b'0'
3235,b'0'
2294,b'0'
2917,b'0'
5289,b'0'
2732,b'0'
624,b'0'
508,b'0'
3818,b'0'
514,b'0'
2242,b'0'
2300,b'0'
779,b'0'
1740,b'0'
670,b'0'
3351,b'0'
3507,b'0'
1313,b'0'
1383,b'0'
3193,b'0'
594,b'0'
4088,b'0'
4449,b'0'
3667,b'0'
1348,b'0'
3908,b'0'
5859,b'1'
5383,b'0'
2197,b'0'
2324,b'0'
2114,b'0'
1012,b'0'
3110,b'0'
5779,b'1'
1636,b'0'
5046,b'0'
955,b'0'
3535,b'0'
2258,b'0'
798,b'0'
5042,b'0'
3669,b'0'
4506,b'0'
4308,b'0'
776,b'0'
308,b'0'
5098,b'0'
3661,b'0'
2565,b'0'
1814,b'0'
1923,b'0'
1829,b'0'
3121,b'0'
3062,b'0'
5792,b'1'
4320,b'0'
3319,b'0'
3177,b'0'
3386,b'0'
223,b'0'
4393,b'0'
5741,b'1'
2188,b'0'
1446,b'0'
5514,b'1'
3770,b'0'
3155,b'0'
2614,b'0'
89,b'0'
919,b'0'
3737,b'0'
5136,b'0'
872,b'0'
4913,b'0'
218,b'0'
1041,b'0'
2485,b'0'
2658,b'0'
2992,b'0'
4209,b'0'
810,b'0'
5692,b'1'
4188,b'0'
5165,b'0'
1689,b'0'
5160,b'0'
1962,b'0'
3945,b'0'
4813,b'0'
893,b'0'
5844,b'1'
2566,b'0'
1634,b'0'
5798,b'1'
2958,b'0'
5072,b'0'
5705,b'1'
2731,b'0'
205,b'0'
766,b'0'
5492,b'0'
3283,b'0'
4733,b'0'
206,b'0'
2417,b'0'
4781,b'0'
2278,b'0'
4031,b'0'
913,b'0'
4662,b'0'
3457,b'0'
3298,b'0'
1559,b'0'
1247,b'0'
5901,b'1'
463,b'0'
1203,b'0'
1580,b'0'
4210,b'0'
5825,b'1'
2465,b'0'
3174,b'0'
5693,b'1'
4988,b'0'
4503,b'0'
570,b'0'
566,b'0'
3434,b'0'
1599,b'0'
3104,b'0'
1331,b'0'
189,b'0'
4361,b'0'
475,b'0'
2552,b'0'
2688,b'0'
23,b'0'
2069,b'0'
5179,b'0'
3291,b'0'
123,b'0'
4630,b'0'
64,b'0'
3405,b'0'
1251,b'0'
3777,b'0'
1693,b'0'
1183,b'0'
4452,b'0'
5409,b'0'
3891,b'0'
639,b'0'
568,b'0'
2293,b'0'
3029,b'0'
4901,b'0'
2336,b'0'
318,b'0'
1682,b'0'
1994,b'0'
4943,b'0'
1545,b'0'
1748,b'0'
3556,b'0'
4585,b'0'
1117,b'0'
168,b'0'
4519,b'0'
3180,b'0'
3965,b'0'
3387,b'0'
2669,b'0'
1033,b'0'
573,b'0'
787,b'0'
2902,b'0'
39,b'0'
2095,b'0'
292,b'0'
1809,b'0'
2248,b'0'
183,b'0'
3381,b'0'
4848,b'0'
5368,b'0'
4723,b'0'
1952,b'0'
2506,b'0'
5334,b'0'
2424,b'0'
5194,b'0'
2288,b'0'
4154,b'0'
2638,b'0'
3552,b'0'
3618,b'0'
4837,b'0'
4575,b'0'
3597,b'0'
3208,b'0'
2543,b'0'
3084,b'0'
5520,b'1'
1669,b'0'
1284,b'0'
2774,b'0'
4889,b'0'
1684,b'0'
5313,b'0'
5318,b'0'
4078,b'0'
4849,b'0'
1101,b'0'
1440,b'0'
1848,b'0'
5781,b'1'
2030,b'0'
4328,b'0'
1430,b'0'
2611,b'0'
5739,b'1'
600,b'0'
3725,b'0'
44,b'0'
2337,b'0'
1666,b'0'
1318,b'0'
2951,b'0'
3888,b'0'
5186,b'0'
1449,b'0'
2883,b'0'
617,b'0'
4491,b'0'
5362,b'0'
3344,b'0'
2227,b'0'
3936,b'0'
4629,b'0'
5516,b'1'
2219,b'0'
1958,b'0'
4345,b'0'
1949,b'0'
5549,b'1'
705,b'0'
1053,b'0'
1073,b'0'
1372,b'0'
4240,b'0'
4705,b'0'
1478,b'0'
3629,b'0'
1275,b'0'
5443,b'0'
5053,b'0'
2296,b'0'
4608,b'0'
884,b'0'
5827,b'1'
4553,b'0'
4787,b'0'
5277,b'0'
50,b'0'
5238,b'0'
4427,b'0'
1226,b'0'
5252,b'0'
2341,b'0'
5066,b'0'
5721,b'1'
4354,b'0'
2893,b'0'
889,b'0'
4274,b'0'
2853,b'0'
3462,b'0'
5210,b'0'
2199,b'0'
4236,b'0'
4894,b'0'
3833,b'0'
2138,b'0'
5483,b'0'
3053,b'0'
3433,b'0'
814,b'0'
3030,b'0'
4067,b'0'
5242,b'0'
1040,b'0'
5814,b'1'
3570,b'0'
5004,b'0'
4899,b'0'
1055,b'0'
4113,b'0'
3229,b'0'
3399,b'0'
5330,b'0'
2061,b'0'
916,b'0'
3045,b'0'
5529,b'1'
4453,b'0'
1036,b'0'
81,b'0'
5263,b'0'
4840,b'0'
281,b'0'
5519,b'1'
4880,b'0'
2112,b'0'
4854,b'0'
95,b'0'
2447,b'0'
4233,b'0'
3431,b'0'
5241,b'0'
2743,b'0'
3681,b'0'
2067,b'0'
3427,b'0'
5061,b'0'
4290,b'0'
2939,b'0'
4791,b'0'
4466,b'0'
2603,b'0'
1342,b'0'
2020,b'0'
1273,b'0'
1552,b'0'
1721,b'0'
2321,b'0'
1145,b'0'
3690,b'0'
4215,b'0'
66,b'0'
5633,b'1'
3038,b'0'
1861,b'0'
3043,b'0'
3087,b'0'
744,b'0'
3935,b'0'
3324,b'0'
2530,b'0'
230,b'0'
3116,b'0'
1615,b'0'
584,b'0'
5071,b'0'
3305,b'0'
2221,b'0'
5164,b'0'
465,b'0'
640,b'0'
5185,b'0'
173,b'0'
5747,b'1'
1525,b'0'
1670,b'0'
1985,b'0'
717,b'0'
1490,b'0'
4546,b'0'
99,b'0'
4068,b'0'
5065,b'0'
1029,b'0'
5478,b'0'
5459,b'0'
2689,b'0'
3886,b'0'
2946,b'0'
1208,b'0'
3309,b'0'
1425,b'0'
1078,b'0'
329,b'0'
3639,b'0'
4749,b'0'
2935,b'0'
3417,b'0'
2167,b'0'
4920,b'0'
1859,b'0'
5749,b'1'
2206,b'0'
273,b'0'
2333,b'0'
3200,b'0'
653,b'0'
2438,b'0'
510,b'0'
1872,b'0'
4522,b'0'
5468,b'0'
2178,b'0'
4112,b'0'
983,b'0'
2243,b'0'
3788,b'0'
4288,b'0'
2148,b'0'
5879,b'1'
1337,b'0'
5544,b'1'
378,b'0'
1571,b'0'
933,b'0'
480,b'0'
2050,b'0'
488,b'0'
4948,b'0'
935,b'0'
3758,b'0'
483,b'0'
492,b'0'
5221,b'0'
4049,b'0'
5257,b'0'
316,b'0'
3115,b'0'
4789,b'0'
1613,b'0'
1280,b'0'
3404,b'0'
1965,b'0'
5162,b'0'
4990,b'0'
4070,b'0'
190,b'0'
5029,b'0'
4140,b'0'
3763,b'0'
1572,b'0'
3630,b'0'
4326,b'0'
1786,b'0'
5338,b'0'
5677,b'1'
3278,b'0'
799,b'0'
2702,b'0'
5648,b'1'
1500,b'0'
1416,b'0'
371,b'0'
4508,b'0'
4494,b'0'
4931,b'0'
4915,b'0'
379,b'0'
2620,b'0'
3302,b'0'
5131,b'0'
672,b'0'
2045,b'0'
3015,b'0'
2524,b'0'
2807,b'0'
365,b'0'
4013,b'0'
3107,b'0'
83,b'0'
2815,b'0'
5128,b'0'
2289,b'0'
1421,b'0'
4984,b'0'
2696,b'0'
1909,b'0'
523,b'0'
5651,b'1'
5807,b'1'
616,b'0'
1617,b'0'
2763,b'0'
3589,b'0'
4443,b'0'
980,b'0'
3622,b'0'
4045,b'0'
1151,b'0'
5150,b'0'
1681,b'0'
4862,b'0'
3950,b'0'
3093,b'0'
3310,b'0'
3165,b'0'
1886,b'0'
3961,b'0'
4263,b'0'
3204,b'0'
2218,b'0'
1555,b'0'
622,b'0'
3301,b'0'
4252,b'0'
1420,b'0'
1126,b'0'
3418,b'0'
5907,b'1'
3373,b'0'
5028,b'0'
2519,b'0'
489,b'0'
1316,b'0'
4010,b'0'
5837,b'1'
4783,b'0'
1229,b'0'
84,b'0'
5287,b'0'
2285,b'0'
45,b'0'
21,b'0'
1218,b'0'
3641,b'0'
2123,b'0'
2539,b'0'
1392,b'0'
1501,b'0'
749,b'0'
4664,b'0'
3521,b'0'
4877,b'0'
669,b'0'
1843,b'0'
5588,b'1'
1979,b'0'
2029,b'0'
51,b'0'
2835,b'0'
1505,b'0'
3198,b'0'
3766,b'0'
4211,b'0'
3539,b'0'
1913,b'0'
4841,b'0'
954,b'0'
425,b'0'
4876,b'0'
4396,b'0'
2600,b'0'
3076,b'0'
2319,b'0'
846,b'0'
1770,b'0'
1003,b'0'
4627,b'0'
1635,b'0'
2875,b'0'
1944,b'0'
4996,b'0'
2313,b'0'
5571,b'1'
4867,b'0'
1714,b'0'
3330,b'0'
5524,b'1'
384,b'0'
5286,b'0'
5301,b'0'
3953,b'0'
2996,b'0'
4306,b'0'
2223,b'0'
4448,b'0'
1077,b'0'
4961,b'0'
2084,b'0'
5304,b'0'
2479,b'0'
250,b'0'
2400,b'0'
197,b'0'
191,b'0'
3253,b'0'
1116,b'0'
2536,b'0'
1071,b'0'
1811,b'0'
357,b'0'
2687,b'0'
4305,b'0'
2431,b'0'
4600,b'0'
4752,b'0'
727,b'0'
4805,b'0'
195,b'0'
2469,b'0'
4543,b'0'
5765,b'1'
5528,b'1'
5683,b'1'
553,b'0'
1610,b'0'
4442,b'0'
4944,b'0'
4991,b'0'
466,b'0'
4577,b'0'
756,b'0'
2299,b'0'
1764,b'0'
2261,b'0'
1359,b'0'
5027,b'0'
5049,b'0'
3476,b'0'
5317,b'0'
5744,b'1'
3049,b'0'
141,b'0'
232,b'0'
3233,b'0'
3226,b'0'
1482,b'0'
4464,b'0'
1403,b'0'
4208,b'0'
5668,b'1'
3009,b'0'
5487,b'0'
2101,b'0'
4430,b'0'
1260,b'0'
1973,b'0'
4074,b'0'
2777,b'0'
2150,b'0'
4758,b'0'
1867,b'0'
2976,b'0'
3137,b'0'
3562,b'0'
4685,b'0'
662,b'0'
943,b'0'
412,b'0'
5202,b'0'
1343,b'0'
87,b'0'
3602,b'0'
5079,b'0'
685,b'0'
3668,b'0'
3101,b'0'
5177,b'0'
1640,b'0'
2532,b'0'
4751,b'0'
838,b'0'
2046,b'0'
5883,b'1'
4314,b'0'
4216,b'0'
526,b'0'
505,b'0'
5691,b'1'
1548,b'0'
3,b'0'
1777,b'0'
277,b'0'
1692,b'0'
3017,b'0'
1376,b'0'
3185,b'0'
3910,b'0'
2596,b'0'
4327,b'0'
4365,b'0'
5434,b'0'
1191,b'0'
3782,b'0'
214,b'0'
4924,b'0'
5545,b'1'
3625,b'0'
5200,b'0'
2867,b'0'
2637,b'0'
2125,b'0'
5535,b'1'
3673,b'0'
5297,b'0'
5521,b'1'
5184,b'0'
3265,b'0'
65,b'0'
856,b'0'
5728,b'1'
85,b'0'
3023,b'0'
5089,b'0'
5888,b'1'
5035,b'0'
4250,b'0'
2719,b'0'
5348,b'0'
5782,b'1'
3095,b'0'
354,b'0'
1338,b'0'
1807,b'0'
2959,b'0'
419,b'0'
2789,b'0'
563,b'0'
5778,b'1'
765,b'0'
4707,b'0'
4125,b'0'
5310,b'0'
4755,b'0'
2792,b'0'
4560,b'0'
4157,b'0'
4339,b'0'
4762,b'0'
311,b'0'
1595,b'0'
2136,b'0'
4729,b'0'
5147,b'0'
2778,b'0'
5676,b'1'
3002,b'0'
711,b'0'
5605,b'1'
2538,b'0'
576,b'0'
3437,b'0'
1837,b'0'
1517,b'0'
507,b'0'
606,b'0'
3080,b'0'
5178,b'0'
2392,b'0'
665,b'0'
2355,b'0'
5818,b'1'
4679,b'0'
3988,b'0'
5745,b'1'
5665,b'1'
3925,b'0'
3368,b'0'
430,b'0'
1983,b'0'
331,b'0'
832,b'0'
2501,b'0'
2370,b'0'
5532,b'1'
1999,b'0'
4873,b'0'
1713,b'0'
3021,b'0'
2643,b'0'
2798,b'0'
5008,b'0'
2756,b'0'
4529,b'0'
2389,b'0'
1022,b'0'
1881,b'0'
4851,b'0'
964,b'0'
3248,b'0'
4155,b'0'
4156,b'0'
5727,b'1'
4416,b'0'
3544,b'0'
2190,b'0'
1132,b'0'
5299,b'0'
3528,b'0'
1076,b'0'
5278,b'0'
4206,b'0'
1752,b'0'
203,b'0'
4602,b'0'
1389,b'0'
874,b'0'
5873,b'1'
1015,b'0'
457,b'0'
5208,b'0'
3572,b'0'
1196,b'0'
876,b'0'
3632,b'0'
3656,b'0'
4244,b'0'
3014,b'0'
4588,b'0'
3069,b'0'
4778,b'0'
3111,b'0'
2090,b'0'
3718,b'0'
3913,b'0'
5853,b'1'
823,b'0'
915,b'0'
3020,b'0'
4043,b'0'
327,b'0'
2473,b'0'
2766,b'0'
3557,b'0'
625,b'0'
4619,b'0'
4394,b'0'
697,b'0'
255,b'0'
1153,b'0'
519,b'0'
2601,b'0'
1516,b'0'
2833,b'0'
3096,b'0'
5033,b'0'
1089,b'0'
567,b'0'
2631,b'0'
1328,b'0'
2047,b'0'
3505,b'0'
1464,b'0'
2096,b'0'
258,b'0'
405,b'0'
690,b'0'
5345,b'0'
1332,b'0'
4898,b'0'
2567,b'0'
651,b'0'
93,b'0'
4227,b'0'
1856,b'0'
4518,b'0'
239,b'0'
5187,b'0'
1793,b'0'
4053,b'0'
1521,b'0'
4824,b'0'
520,b'0'
4142,b'0'
1835,b'0'
1106,b'0'
1321,b'0'
3128,b'0'
3383,b'0'
1294,b'0'
4386,b'0'
5123,b'0'
3441,b'0'
4344,b'0'
1847,b'0'
4158,b'0'
2446,b'0'
1801,b'0'
4213,b'0'
1857,b'0'
554,b'0'
2803,b'0'
1706,b'0'
2350,b'0'
1323,b'0'
3487,b'0'
3237,b'0'
5324,b'0'
58,b'0'
5294,b'0'
992,b'0'
479,b'0'
4425,b'0'
4220,b'0'
1632,b'0'
5680,b'1'
5697,b'1'
1156,b'0'
1454,b'0'
1917,b'0'
5726,b'1'
2489,b'0'
451,b'0'
2236,b'0'
1110,b'0'
2988,b'0'
5102,b'0'
894,b'0'
4435,b'0'
2740,b'0'
4925,b'0'
4819,b'0'
545,b'0'
5627,b'1'
4774,b'0'
3900,b'0'
1175,b'0'
3424,b'0'
3171,b'0'
1468,b'0'
1622,b'0'
585,b'0'
892,b'0'
733,b'0'
2284,b'0'
4381,b'0'
957,b'0'
3147,b'0'
5315,b'0'
210,b'0'
2081,b'0'
5523,b'1'
55,b'0'
1276,b'0'
555,b'0'
2107,b'0'
3189,b'0'
350,b'0'
2443,b'0'
2026,b'0'
4147,b'0'
2157,b'0'
1180,b'0'
1588,b'0'
4391,b'0'
677,b'0'
3162,b'0'
1875,b'0'
1953,b'0'
4026,b'0'
3268,b'0'
3842,b'0'
1152,b'0'
4885,b'0'
3653,b'0'
859,b'0'
5404,b'0'
2088,b'0'
4952,b'0'
3097,b'0'
243,b'0'
3088,b'0'
17,b'0'
485,b'0'
5886,b'1'
2198,b'0'
4746,b'0'
3721,b'0'
3446,b'0'
3643,b'0'
5817,b'1'
4505,b'0'
4382,b'0'
4493,b'0'
4159,b'0'
1513,b'0'
962,b'0'
4017,b'0'
4520,b'0'
2531,b'0'
5657,b'1'
3496,b'0'
2104,b'0'
423,b'0'
3599,b'0'
5634,b'1'
2999,b'0'
2147,b'0'
4971,b'0'
3685,b'0'
5669,b'1'
2767,b'0'
209,b'0'
4301,b'0'
3321,b'0'
2831,b'0'
91,b'0'
4639,b'0'
4273,b'0'
1387,b'0'
4470,b'0'
4856,b'0'
3609,b'0'
1459,b'0'
3980,b'0'
5212,b'0'
2869,b'0'
1874,b'0'
245,b'0'
4625,b'0'
2985,b'0'
726,b'0'
455,b'0'
611,b'0'
712,b'0'
1177,b'0'
3194,b'0'
5851,b'1'
139,b'0'
4704,b'0'
5893,b'1'
3025,b'0'
701,b'0'
2342,b'0'
447,b'0'
4642,b'0'
4688,b'0'
2830,b'0'
198,b'0'
3882,b'0'
1711,b'0'
2246,b'0'
4710,b'0'
1550,b'0'
4934,b'0'
2900,b'0'
5220,b'0'
5446,b'0'
2910,b'0'
3836,b'0'
134,b'0'
1652,b'0'
1702,b'0'
3695,b'0'
4465,b'0'
3195,b'0'
4131,b'0'
5775,b'1'
1211,b'0'
538,b'0'
49,b'0'
2425,b'0'
1301,b'0'
3834,b'0'
34,b'0'
132,b'0'
3182,b'0'
4350,b'0'
3498,b'0'
3769,b'0'
409,b'0'
649,b'0'
4964,b'0'
2051,b'0'
5421,b'0'
2225,b'0'
185,b'0'
2571,b'0'
1810,b'0'
2433,b'0'
1705,b'0'
4740,b'0'
4561,b'0'
1870,b'0'
5163,b'0'
934,b'0'
2770,b'0'
596,b'0'
2937,b'0'
5303,b'0'
5011,b'0'
4179,b'0'
540,b'0'
4610,b'0'
4742,b'0'
4859,b'0'
1536,b'0'
2266,b'0'
3154,b'0'
737,b'0'
2584,b'0'
2647,b'0'
679,b'0'
2351,b'0'
3089,b'0'
882,b'0'
287,b'0'
720,b'0'
3439,b'0'
4337,b'0'
1638,b'0'
1898,b'0'
4690,b'0'
1278,b'0'
5365,b'0'
667,b'0'
2464,b'0'
5390,b'0'
4066,b'0'
4429,b'0'
2121,b'0'
4164,b'0'
2510,b'0'
1136,b'0'
4161,b'0'
2233,b'0'
985,b'0'
4607,b'0'
2471,b'0'
873,b'0'
2537,b'0'
2451,b'0'
3209,b'0'
5235,b'0'
2691,b'0'
5631,b'1'
5440,b'0'
1737,b'0'
4917,b'0'
417,b'0'
2480,b'0'
1592,b'0'
4737,b'0'
268,b'0'
4488,b'0'
2785,b'0'
4832,b'0'
1683,b'0'
5344,b'0'
4048,b'0'
4892,b'0'
5734,b'1'
2017,b'0'
5802,b'1'
2159,b'0'
2066,b'0'
1128,b'0'
4786,b'0'
5854,b'1'
429,b'0'
4955,b'0'
163,b'0'
4820,b'0'
4103,b'0'
2827,b'0'
3531,b'0'
562,b'0'
3794,b'0'
3241,b'0'
5602,b'1'
4558,b'0'
73,b'0'
3923,b'0'
5140,b'0'
5402,b'0'
2297,b'0'
4663,b'0'
4463,b'0'
2170,b'0'
2334,b'0'
3151,b'0'
1596,b'0'
5573,b'1'
5384,b'0'
1515,b'0'
3469,b'0'
3391,b'0'
2042,b'0'
5850,b'1'
2237,b'0'
858,b'0'
5609,b'1'
3958,b'0'
1157,b'0'
4187,b'0'
5550,b'1'
2165,b'0'
2003,b'0'
4583,b'0'
3948,b'0'
2755,b'0'
4060,b'0'
1146,b'0'
3222,b'0'
5189,b'0'
2892,b'0'
4833,b'0'
3932,b'0'
48,b'0'
5149,b'0'
1710,b'0'
5751,b'1'
3827,b'0'
5050,b'0'
1248,b'0'
5153,b'0'
3464,b'0'
5012,b'0'
2503,b'0'
5460,b'0'
3188,b'0'
2737,b'0'
201,b'0'
597,b'0'
4499,b'0'
1393,b'0'
3397,b'0'
2856,b'0'
2843,b'0'
2052,b'0'
4767,b'0'
5143,b'0'
1265,b'0'
5861,b'1'
2520,b'0'
5236,b'0'
4858,b'0'
3040,b'0'
481,b'0'
636,b'0'
3921,b'0'
257,b'0'
5055,b'0'
3158,b'0'
5359,b'0'
2511,b'0'
2775,b'0'
4144,b'0'
1720,b'0'
4640,b'0'
2783,b'0'
4098,b'0'
1934,b'0'
3509,b'0'
5568,b'1'
2275,b'0'
4402,b'0'
3479,b'0'
3762,b'0'
1397,b'0'
4318,b'0'
5097,b'0'
658,b'0'
2512,b'0'
2420,b'0'
3992,b'0'
1537,b'0'
2172,b'0'
3090,b'0'
5466,b'0'
944,b'0'
4670,b'0'
5855,b'1'
3299,b'0'
4678,b'0'
2862,b'0'
4507,b'0'
4335,b'0'
1163,b'0'
5819,b'1'
3126,b'0'
3480,b'0'
2606,b'0'
12,b'0'
4514,b'0'
5748,b'1'
3246,b'0'
304,b'0'
3636,b'0'
3594,b'0'
4574,b'0'
1005,b'0'
5374,b'0'
3224,b'0'
5370,b'0'
2428,b'0'
3139,b'0'
2058,b'0'
3892,b'0'
3621,b'0'
1930,b'0'
2817,b'0'
376,b'0'
785,b'0'
4376,b'0'
2497,b'0'
5638,b'1'
1509,b'0'
4272,b'0'
5290,b'0'
927,b'0'
3658,b'0'
3169,b'0'
3592,b'0'
1061,b'0'
1691,b'0'
906,b'0'
1637,b'0'
4998,b'0'
5805,b'1'
1384,b'0'
5794,b'1'
4228,b'0'
5181,b'0'
1426,b'0'
2260,b'0'
5203,b'0'
4221,b'0'
1019,b'0'
4460,b'0'
4591,b'0'
1648,b'0'
4446,b'0'
4485,b'0'
5897,b'1'
4196,b'0'
3997,b'0'
783,b'0'
3742,b'0'
2585,b'0'
2302,b'0'
5256,b'0'
3789,b'0'
5515,b'1'
3005,b'0'
5899,b'1'
991,b'0'
2670,b'0'
2616,b'0'
363,b'0'
3078,b'0'
5554,b'1'
5770,b'1'
1197,b'0'
3061,b'0'
2441,b'0'
3706,b'0'
909,b'0'
4126,b'0'
1492,b'0'
1209,b'0'
5085,b'0'
5632,b'1'
1111,b'0'
5572,b'1'
3127,b'0'
4246,b'0'
4524,b'0'
3327,b'0'
3595,b'0'
3542,b'0'
4914,b'0'
2734,b'0'
1532,b'0'
637,b'0'
891,b'0'
1503,b'0'
965,b'0'
28,b'0'
2818,b'0'
5801,b'1'
583,b'0'
4255,b'0'
4316,b'0'
2021,b'0'
2385,b'0'
620,b'0'
754,b'0'
2728,b'0'
5406,b'0'
3790,b'0'
313,b'0'
3290,b'0'
5095,b'0'
887,b'0'
229,b'0'
5249,b'0'
4660,b'0'
972,b'0'
5666,b'1'
5229,b'0'
5736,b'1'
5891,b'1'
2960,b'0'
1890,b'0'
4703,b'0'
2354,b'0'
3828,b'0'
2478,b'0'
1695,b'0'
676,b'0'
641,b'0'
2239,b'0'
1075,b'0'
434,b'0'
3998,b'0'
577,b'0'
3214,b'0'
2496,b'0'
4239,b'0'
3880,b'0'
490,b'0'
1744,b'0'
2145,b'0'
1173,b'0'
836,b'0'
1589,b'0'
3216,b'0'
1222,b'0'
3183,b'0'
5437,b'0'
2043,b'0'
1624,b'0'
2712,b'0'
3749,b'0'
3259,b'0'
1140,b'0'
4715,b'0'
2358,b'0'
3915,b'0'
3108,b'0'
4167,b'0'
1334,b'0'
302,b'0'
5105,b'0'
1773,b'0'
1199,b'0'
1549,b'0'
1023,b'0'
233,b'0'
4141,b'0'
5447,b'0'
2365,b'0'
3893,b'0'
5616,b'1'
5355,b'0'
1269,b'0'
3940,b'0'
5730,b'1'
3903,b'0'
4599,b'0'
995,b'0'
5860,b'1'
5293,b'0'
314,b'0'
1838,b'0'
5366,b'0'
2570,b'0'
2475,b'0'
5870,b'1'
5392,b'0'
392,b'0'
4234,b'0'
4809,b'0'
3450,b'0'
2802,b'0'
220,b'0'
1818,b'0'
4105,b'0'
330,b'0'
5262,b'0'
4719,b'0'
5020,b'0'
4612,b'0'
3642,b'0'
1326,b'0'
5039,b'0'
1819,b'0'
5430,b'0'
2834,b'0'
213,b'0'
3561,b'0'
3349,b'0'
930,b'0'
1899,b'0'
928,b'0'
2847,b'0'
3314,b'0'
997,b'0'
3947,b'0'
2903,b'0'
1340,b'0'
3715,b'0'
1045,b'0'
1723,b'0'
4869,b'0'
1448,b'0'
3747,b'0'
4780,b'0'
2291,b'0'
4444,b'0'
2453,b'0'
3529,b'0'
4770,b'0'
716,b'0'
5367,b'0'
782,b'0'
5597,b'1'
3118,b'0'
3419,b'0'
1369,b'0'
2859,b'0'
5391,b'0'
2729,b'0'
3086,b'0'
967,b'0'
5762,b'1'
1924,b'0'
5530,b'1'
471,b'0'
724,b'0'
5464,b'0'
5023,b'0'
5275,b'0'
5448,b'0'
2093,b'0'
5517,b'1'
5556,b'1'
30,b'0'
5261,b'0'
248,b'0'
4319,b'0'
1475,b'0'
5182,b'0'
4963,b'0'
3708,b'0'
1997,b'0'
3352,b'0'
5454,b'0'
3939,b'0'
2032,b'0'
2404,b'0'
3416,b'0'
2055,b'0'
383,b'0'
4652,b'0'
1833,b'0'
2884,b'0'
1724,b'0'
638,b'0'
3388,b'0'
5379,b'0'
3872,b'0'
598,b'0'
3199,b'0'
3805,b'0'
3175,b'0'
2072,b'0'
2455,b'0'
3946,b'0'
3191,b'0'
3620,b'0'
734,b'0'
2209,b'0'
4989,b'0'
61,b'0'
4333,b'0'
178,b'0'
1547,b'0'
4497,b'0'
259,b'0'
445,b'0'
3215,b'0'
857,b'0'
4058,b'0'
106,b'0'
2146,b'0'
5716,b'1'
2550,b'0'
345,b'0'
1821,b'0'
4766,b'0'
5356,b'0'
5768,b'1'
1790,b'0'
5218,b'0'
524,b'0'
4150,b'0'
5753,b'1'
5471,b'0'
5829,b'1'
5630,b'1'
2773,b'0'
773,b'0'
3100,b'0'
746,b'0'
3168,b'0'
4399,b'0'
2889,b'0'
4620,b'0'
290,b'0'
1824,b'0'
2034,b'0'
470,b'0'
5679,b'1'
3849,b'0'
5006,b'0'
2338,b'0'
3835,b'0'
1201,b'0'
4922,b'0'
3686,b'0'
5389,b'0'
3280,b'0'
4356,b'0'
714,b'0'
1479,b'0'
988,b'0'
1285,b'0'
1674,b'0'
4340,b'0'
4484,b'0'
3239,b'0'
3041,b'0'
3779,b'0'
3583,b'0'
2522,b'0'
4691,b'0'
5498,b'0'
2151,b'0'
4782,b'0'
2235,b'0'
5625,b'1'
4323,b'0'
5590,b'1'
907,b'0'
4512,b'0'
5482,b'0'
2826,b'0'
4699,b'0'
3039,b'0'
918,b'0'
4004,b'0'
2618,b'0'
1143,b'0'
796,b'0'
4977,b'0'
5694,b'1'
2711,b'0'
5214,b'0'
464,b'0'
3640,b'0'
38,b'0'
3255,b'0'
2049,b'0'
517,b'0'
2887,b'0'
1437,b'0'
5291,b'0'
5381,b'0'
5724,b'1'
2573,b'0'
1007,b'0'
3336,b'0'
1554,b'0'
5104,b'0'
5732,b'1'
443,b'0'
2132,b'0'
4129,b'0'
2124,b'0'
1728,b'0'
2064,b'0'
1013,b'0'
2945,b'0'
33,b'0'
3919,b'0'
171,b'0'
1314,b'0'
4571,b'0'
691,b'0'
3568,b'0'
4842,b'0'
4128,b'0'
1405,b'0'
2920,b'0'
1415,b'0'
5441,b'0'
2102,b'0'
2622,b'0'
5171,b'0'
1779,b'0'
5785,b'1'
3112,b'0'
4447,b'0'
3501,b'0'
4807,b'0'
3028,b'0'
572,b'0'
5766,b'1'
5637,b'1'
4085,b'0'
5839,b'1'
5364,b'0'
3092,b'0'
5735,b'1'
5295,b'0'
2680,b'0'
2387,b'0'
3812,b'0'
2196,b'0'
4247,b'0'
3845,b'0'
4972,b'0'
1188,b'0'
4072,b'0'
758,b'0'
3123,b'0'
2885,b'0'
2372,b'0'
1122,b'0'
1655,b'0'
3274,b'0'
1826,b'0'
2547,b'0'
5793,b'1'
910,b'0'
422,b'0'
3257,b'0'
879,b'0'
4266,b'0'
4743,b'0'
2423,b'0'
3978,b'0'
5700,b'1'
3106,b'0'
3477,b'0'
2162,b'0'
2033,b'0'
3451,b'0'
4932,b'0'
4976,b'0'
1236,b'0'
3400,b'0'
794,b'0'
3608,b'0'
865,b'0'
1447,b'0'
3251,b'0'
3985,b'0'
1182,b'0'
3385,b'0'
3714,b'0'
4267,b'0'
3870,b'0'
5892,b'1'
5889,b'1'
5351,b'0'
5563,b'1'
3844,b'0'
1339,b'0'
4829,b'0'
5848,b'1'
1223,b'0'
3500,b'0'
2793,b'0'
4542,b'0'
5342,b'0'
3223,b'0'
4544,b'0'
663,b'0'
368,b'0'
647,b'0'
582,b'0'
2120,b'0'
3585,b'0'
3347,b'0'
4875,b'0'
2080,b'0'
604,b'0'
5881,b'1'
3027,b'0'
2054,b'0'
2194,b'0'
739,b'0'
1964,b'0'
5378,b'0'
2868,b'0'
2750,b'0'
407,b'0'
1095,b'0'
3635,b'0'
2467,b'0'
5288,b'0'
1439,b'0'
2040,b'0'
495,b'0'
4559,b'0'
4907,b'0'
181,b'0'
76,b'0'
4270,b'0'
1336,b'0'
3190,b'0'
2940,b'0'
3809,b'0'
4551,b'0'
5215,b'0'
186,b'0'
4110,b'0'
80,b'0'
3065,b'0'
4137,b'0'
452,b'0'
1882,b'0'
4673,b'0'
4283,b'0'
2181,b'0'
2621,b'0'
1081,b'0'
1585,b'0'
175,b'0'
2684,b'0'
2407,b'0'
1851,b'0'
3753,b'0'
2459,b'0'
595,b'0'
5723,b'1'
5168,b'0'
4888,b'0'
4792,b'0'
3700,b'0'
4395,b'0'
683,b'0'
2929,b'0'
4087,b'0'
3720,b'0'
806,b'0'
5363,b'0'
2829,b'0'
1719,b'0'
2561,b'0'
240,b'0'
2796,b'0'
3677,b'0'
448,b'0'
2557,b'0'
5372,b'0'
1992,b'0'
4029,b'0'
5497,b'0'
1411,b'0'
5237,b'0'
5025,b'0'
5254,b'0'
2997,b'0'
953,b'0'
309,b'0'
2310,b'0'
5201,b'0'
3242,b'0'
4269,b'0'
22,b'0'
729,b'0'
4392,b'0'
2326,b'0'
1858,b'0'
5614,b'1'
2574,b'0'
5129,b'0'
4711,b'0'
3318,b'0'
589,b'0'
5352,b'0'
3346,b'0'
4768,b'0'
4636,b'0'
496,b'0'
5746,b'1'
3830,b'0'
2575,b'0'
2526,b'0'
5188,b'0'
404,b'0'
4946,b'0'
4893,b'0'
1341,b'0'
2175,b'0'
2502,b'0'
1880,b'0'
3811,b'0'
237,b'0'
135,b'0'
1086,b'0'
3066,b'0'
180,b'0'
3767,b'0'
4285,b'0'
5320,b'0'
4987,b'0'
5717,b'1'
1754,b'0'
5491,b'0'
3520,b'0'
2602,b'0'
4596,b'0'
3119,b'0'
4638,b'0'
3512,b'0'
3358,b'0'
5743,b'1'
3414,b'0'
2139,b'0'
5156,b'0'
1772,b'0'
1726,b'0'
5276,b'0'
5076,b'0'
2105,b'0'
1093,b'0'
4183,b'0'
336,b'0'
235,b'0'
5845,b'1'
987,b'0'
3676,b'0'
2092,b'0'
4286,b'0'
1766,b'0'
2694,b'0'
1310,b'0'
71,b'0'
2971,b'0'
4921,b'0'
3784,b'0'
1883,b'0'
274,b'0'
1653,b'0'
1575,b'0'
5681,b'1'
2076,b'0'
1502,b'0'
3415,b'0'
3502,b'0'
5884,b'1'
4982,b'0'
1090,b'0'
68,b'0'
2276,b'0'
2115,b'0'
2466,b'0'
1956,b'0'
4185,b'0'
204,b'0'
2463,b'0'
1104,b'0'
4310,b'0'
2653,b'0'
5019,b'0'
2821,b'0'
770,b'0'
535,b'0'
2592,b'0'
5525,b'1'
1252,b'0'
4975,b'0'
5316,b'0'
294,b'0'
3587,b'0'
468,b'0'
5617,b'1'
3989,b'0'
5429,b'0'
3360,b'0'
3402,b'0'
2936,b'0'
1308,b'0'
2363,b'0'
5641,b'1'
5026,b'0'
931,b'0'
2742,b'0'
3468,b'0'
3731,b'0'
2380,b'0'
830,b'0'
2901,b'0'
1189,b'0'
3584,b'0'
1803,b'0'
3719,b'0'
3422,b'0'
1491,b'0'
107,b'0'
4728,b'0'
482,b'0'
1237,b'0'
3503,b'0'
4190,b'0'
3322,b'0'
2699,b'0'
4408,b'0'
4404,b'0'
1761,b'0'
3701,b'0'
1026,b'0'
1352,b'0'
869,b'0'
1057,b'0'
4071,b'0'
128,b'0'
3787,b'0'
1603,b'0'
1776,b'0'
3453,b'0'
2682,b'0'
2176,b'0'
5024,b'0'
633,b'0'
459,b'0'
2588,b'0'
575,b'0'
1320,b'0'
3481,b'0'
3272,b'0'
4431,b'0'
3277,b'0'
1765,b'0'
5306,b'0'
1457,b'0'
2800,b'0'
5591,b'1'
4258,b'0'
5643,b'1'
4229,b'0'
841,b'0'
825,b'0'
5109,b'0'
5589,b'1'
2208,b'0'
808,b'0'
1484,b'0'
4022,b'0'
2025,b'0'
3337,b'0'
2861,b'0'
689,b'0'
3808,b'0'
2703,b'0'
1739,b'0'
147,b'0'
870,b'0'
1534,b'0'
3287,b'0'
2837,b'0'
1169,b'0'
2686,b'0'
1228,b'0'
5038,b'0'
4516,b'0'
3316,b'0'
4863,b'0'
781,b'0'
4411,b'0'
3729,b'0'
4979,b'0'
3666,b'0'
4942,b'0'
3075,b'0'
4346,b'0'
5431,b'0'
3745,b'0'
2160,b'0'
1703,b'0'
1782,b'0'
2661,b'0'
1697,b'0'
5784,b'1'
3930,b'0'
142,b'0'
1317,b'0'
1696,b'0'
571,b'0'
108,b'0'
4993,b'0'
682,b'0'
5114,b'0'
498,b'0'
3536,b'0'
1966,b'0'
4293,b'0'
5205,b'0'
512,b'0'
1970,b'0'
5307,b'0'
2282,b'0'
1621,b'0'
1871,b'0'
1914,b'0'
608,b'0'
5771,b'1'
3917,b'0'
1510,b'0'
4887,b'0'
1162,b'0'
2155,b'0'
3741,b'0'
2397,b'0'
3994,b'0'
3550,b'0'
3307,b'0'
4804,b'0'
438,b'0'
3865,b'0'
3474,b'0'
1198,b'0'
703,b'0'
4115,b'0'
1179,b'0'
4063,b'0'
96,b'0'
4981,b'0'
2504,b'0'
2253,b'0'
1530,b'0'
592,b'0'
5087,b'0'
5547,b'1'
477,b'0'
3680,b'0'
352,b'0'
5280,b'0'
2118,b'0'
275,b'0'
786,b'0'
1460,b'0'
1159,b'0'
4245,b'0'
5558,b'1'
4160,b'0'
29,b'0'
3332,b'0'
2984,b'0'
1052,b'0'
1263,b'0'
5472,b'0'
1335,b'0'
5566,b'1'
3156,b'0'
353,b'0'
2897,b'0'
1936,b'0'
539,b'0'
4603,b'0'
1590,b'0'
3315,b'0'
2904,b'0'
3256,b'0'
440,b'0'
194,b'0'
1802,b'0'
1591,b'0'
986,b'0'
4275,b'0'
4794,b'0'
4134,b'0'
1232,b'0'
3304,b'0'
2594,b'0'
3493,b'0'
5081,b'0'
4194,b'0'
4654,b'0'
752,b'0'
310,b'0'
5211,b'0'
3034,b'0'
4249,b'0'
2710,b'0'
4757,b'0'
5604,b'1'
79,b'0'
1035,b'0'
4821,b'0'
4734,b'0'
2744,b'0'
817,b'0'
1305,b'0'
2938,b'0'
19,b'0'
5763,b'1'
2340,b'0'
5754,b'1'
2007,b'0'
668,b'0'
1563,b'0'
4956,b'0'
2452,b'0'
1194,b'0'
1298,b'0'
5309,b'0'
3275,b'0'
3382,b'0'
591,b'0'
4451,b'0'
5698,b'1'
686,b'0'
777,b'0'
2716,b'0'
4541,b'0'
41,b'0'
2513,b'0'
1087,b'0'
2723,b'0'
4801,b'0'
1623,b'0'
4883,b'0'
1656,b'0'
5686,b'1'
3712,b'0'
78,b'0'
4480,b'0'
3877,b'0'
1647,b'0'
3205,b'0'
3082,b'0'
2628,b'0'
2761,b'0'
2930,b'0'
4135,b'0'
3728,b'0'
959,b'0'
4047,b'0'
4475,b'0'
974,b'0'
3873,b'0'
2127,b'0'
3607,b'0'
3288,b'0'
3134,b'0'
1626,b'0'
5083,b'0'
460,b'0'
3331,b'0'
3785,b'0'
16,b'0'
1388,b'0'
1347,b'0'
2836,b'0'
1520,b'0'
158,b'0'
1395,b'0'
435,b'0'
5075,b'0'
2797,b'0'
3300,b'0'
2505,b'0'
3702,b'0'
1734,b'0'
3756,b'0'
1566,b'0'
4886,b'0'
3411,b'0'
4646,b'0'
5664,b'1'
325,b'0'
40,b'0'
377,b'0'
1373,b'0'
2617,b'0'
3684,b'0'
657,b'0'
4847,b'0'
234,b'0'
2382,b'0'
5890,b'1'
5494,b'0'
1366,b'0'
3247,b'0'
5603,b'1'
1138,b'0'
2402,b'0'
4593,b'0'
339,b'0'
472,b'0'
549,b'0'
3973,b'0'
5689,b'1'
1565,b'0'
4937,b'0'
5709,b'1'
4321,b'0'
5803,b'1'
2379,b'0'
3616,b'0'
3472,b'0'
2649,b'0'
2304,b'0'
2668,b'0'
2597,b'0'
2874,b'0'
1291,b'0'
2888,b'0'
2039,b'0'
5551,b'1'
4360,b'0'
2813,b'0'
2116,b'0'
1854,b'0'
2410,b'0'
1600,b'0'
2229,b'0'
4280,b'0'
3374,b'0'
3610,b'0'
5495,b'0'
1945,b'0'
1279,b'0'
949,b'0'
2564,b'0'
4423,b'0'
5117,b'0'
5725,b'1'
5216,b'0'
3323,b'0'
4606,b'0'
4362,b'0'
5226,b'0'
960,b'0'
3626,b'0'
2486,b'0'
4852,b'0'
3847,b'0'
36,b'0'
4717,b'0'
1119,b'0'
4348,b'0'
3555,b'0'
242,b'0'
5712,b'1'
5021,b'0'
1239,b'0'
2193,b'0'
2655,b'0'
3887,b'0'
4890,b'0'
5699,b'1'
5594,b'1'
5810,b'1'
2717,b'0'
320,b'0'
1414,b'0'
1160,b'0'
1195,b'0'
2980,b'0'
2599,b'0'
1527,b'0'
410,b'0'
5484,b'0'
4035,b'0'
3771,b'0'
1171,b'0'
4816,b'0'
1542,b'0'
5199,b'0'
3497,b'0'
105,b'0'
4521,b'0'
899,b'0'
5703,b'1'
1598,b'0'
211,b'0'
3929,b'0'
1307,b'0'
2941,b'0'
504,b'0'
4923,b'0'
4041,b'0'
3933,b'0'
2918,b'0'
216,b'0'
164,b'0'
3999,b'0'
3820,b'0'
3024,b'0'
3364,b'0'
4933,b'0'
453,b'0'
3515,b'0'
924,b'0'
820,b'0'
1755,b'0'
4796,b'0'
4818,b'0'
2057,b'0'
5432,b'0'
5642,b'1'
1205,b'0'
2607,b'0'
2866,b'0'
619,b'0'
2477,b'0'
1141,b'0'
2195,b'0'
4647,b'0'
2119,b'0'
939,b'0'
3596,b'0'
3885,b'0'
5678,b'1'
1010,b'0'
2492,b'0'
3460,b'0'
1960,b'0'
2914,b'0'
1981,b'0'
3252,b'0'
382,b'0'
4032,b'0'
999,b'0'
3765,b'0'
2822,b'0'
3541,b'0'
2373,b'0'
2437,b'0'
4002,b'0'
1820,b'0'
4299,b'0'
1784,b'0'
2078,b'0'
5062,b'0'
3605,b'0'
1410,b'0'
628,b'0'
833,b'0'
3085,b'0'
3801,b'0'
358,b'0'
3312,b'0'
5070,b'0'
837,b'0'
2556,b'0'
1852,b'0'
5836,b'1'
196,b'0'
1253,b'0'
1344,b'0'
4051,b'0'
862,b'0'
319,b'0'
2654,b'0'
4268,b'0'
1135,b'0'
5849,b'1'
696,b'0'
3916,b'0'
2922,b'0'
661,b'0'
5774,b'1'
1619,b'0'
1059,b'0'
632,b'0'
2890,b'0'
3250,b'0'
2164,b'0'
687,b'0'
3957,b'0'
1021,b'0'
3740,b'0'
2634,b'0'
702,b'0'
2697,b'0'
4564,b'0'
2650,b'0'
3905,b'0'
5909,b'1'
4635,b'0'
2780,b'0'
2674,b'0'
5196,b'0'
2928,b'0'
2488,b'0'
2000,b'0'
2514,b'0'
391,b'0'
1444,b'0'
2944,b'0'
978,b'0'
4094,b'0'
5578,b'1'
2245,b'0'
3435,b'0'
4860,b'0'
5034,b'0'
3243,b'0'
1538,b'0'
2801,b'0'
1904,b'0'
2781,b'0'
1315,b'0'
2747,b'0'
3051,b'0'
5867,b'1'
2673,b'0'
3465,b'0'
3499,b'0'
1678,b'0'
1667,b'0'
3000,b'0'
3285,b'0'
2640,b'0'
4218,b'0'
863,b'0'
4785,b'0'
1390,b'0'
491,b'0'
5403,b'0'
2272,b'0'
707,b'0'
192,b'0'
4621,b'0'
2559,b'0'
155,b'0'
3897,b'0'
5653,b'1'
5329,b'0'
413,b'0'
4722,b'0'
4436,b'0'
3693,b'0'
1609,b'0'
2779,b'0'
3471,b'0'
4949,b'0'
4587,b'0'
1649,b'0'
4909,b'0'
4793,b'0'
2966,b'0'
3651,b'0'
3689,b'0'
4649,b'0'
1839,b'0'
4773,b'0'
3071,b'0'
2494,b'0'
1519,b'0'
5463,b'0'
1576,b'0'
3320,b'0'
4262,b'0'
4173,b'0'
5007,b'0'
3652,b'0'
2580,b'0'
2205,b'0'
1977,b'0'
3384,b'0'
2961,b'0'
580,b'0'
1434,b'0'
764,b'0'
8,b'0'
494,b'0'
530,b'0'
654,b'0'
5259,b'0'
3192,b'0'
4739,b'0'
4089,b'0'
1564,b'0'
4265,b'0'
4459,b'0'
4692,b'0'
1324,b'0'
27,b'0'
3345,b'0'
3814,b'0'
2495,b'0'
1217,b'0'
10,b'0'
1060,b'0'
2516,b'0'
812,b'0'
1292,b'0'
9,b'0'
1166,b'0'
979,b'0'
4891,b'0'
2111,b'0'
3582,b'0'
3825,b'0'
1220,b'0'
1115,b'0'
5321,b'0'
4721,b'0'
5444,b'0'
401,b'0'
1639,b'0'
4203,b'0'
5191,b'0'
3922,b'0'
5476,b'0'
1620,b'0'
1109,b'0'
5569,b'1'
182,b'0'
3232,b'0'
1281,b'0'
2487,b'0'
3678,b'0'
3136,b'0'
4930,b'0'
2259,b'0'
4018,b'0'
3163,b'0'
388,b'0'
271,b'0'
2117,b'0'
297,b'0'
1192,b'0'
1058,b'0'
2507,b'0'
4124,b'0'
2788,b'0'
2598,b'0'
5260,b'0'
4057,b'0'
5780,b'1'
2416,b'0'
2623,b'0'
1427,b'0'
4835,b'0'
1001,b'0'
4935,b'0'
4694,b'0'
3752,b'0'
4594,b'0'
1796,b'0'
5138,b'0'
4753,b'0'
5905,b'1'
2990,b'0'
2993,b'0'
623,b'0'
373,b'0'
5154,b'0'
3941,b'0'
3007,b'0'
133,b'0'
4055,b'0'
5615,b'1'
1368,b'0'
5906,b'1'
626,b'0'
3551,b'0'
5435,b'0'
56,b'0'
5862,b'1'
2143,b'0'
3976,b'0'
3884,b'0'
2427,b'0'
1687,b'0'
1470,b'0'
3488,b'0'
3966,b'0'
4192,b'0'
1286,b'0'
4750,b'0'
5312,b'0'
1079,b'0'
4457,b'0'
4658,b'0'
1206,b'0'
406,b'0'
4765,b'0'
3293,b'0'
2820,b'0'
5570,b'1'
421,b'0'
3109,b'0'
469,b'0'
4686,b'0'
2189,b'0'
2651,b'0'
2619,b'0'
5032,b'0'
2983,b'0'
4458,b'0'
359,b'0'
5296,b'0'
1531,b'0'
4148,b'0'
704,b'0'
5628,b'1'
3707,b'0'
3513,b'0'
1038,b'0'
5621,b'1'
402,b'0'
1085,b'0'
627,b'0'
2808,b'0'
4633,b'0'
57,b'0'
5878,b'1'
5445,b'0'
1184,b'0'
2422,b'0'
5461,b'0'
307,b'0'
1092,b'0'
5132,b'0'
3221,b'0'
3813,b'0'
5612,b'1'
768,b'0'
2405,b'0'
1402,b'0'
2977,b'0'
3993,b'0'
2141,b'0'
5151,b'0'
2184,b'0'
3981,b'0'
5056,b'0'
5018,b'0'
4151,b'0'
937,b'0'
4980,b'0'
2544,b'0'
552,b'0'
2408,b'0'
2087,b'0'
2545,b'0'
4207,b'0'
219,b'0'
2784,b'0'
5159,b'0'
2171,b'0'
174,b'0'
2659,b'0'
2880,b'0'
3713,b'0'
688,b'0'
4069,b'0'
1266,b'0'
1797,b'0'
2126,b'0'
3120,b'0'
1942,b'0'
3141,b'0'
2476,b'0'
947,b'0'
4582,b'0'
4958,b'0'
2449,b'0'
4714,b'0'
4490,b'0'
1404,b'0'
1039,b'0'
3063,b'0'
1267,b'0'
267,b'0'
4843,b'0'
3490,b'0'
4511,b'0'
792,b'0'
660,b'0'
4086,b'0'
1891,b'0'
2950,b'0'
2241,b'0'
4355,b'0'
3613,b'0'
778,b'0'
1422,b'0'
25,b'0'
1496,b'0'
1467,b'0'
4908,b'0'
1354,b'0'
3114,b'0'
3052,b'0'
4967,b'0'
1836,b'0'
1396,b'0'
2472,b'0'
3343,b'0'
3443,b'0'
263,b'0'
4918,b'0'
1004,b'0'
260,b'0'
152,b'0'
3824,b'0'
2384,b'0'
4162,b'0'
1573,b'0'
3463,b'0'
3800,b'0'
1933,b'0'
1822,b'0'
840,b'0'
607,b'0'
3295,b'0'
5626,b'1'
2252,b'0'
2720,b'0'
2915,b'0'
5146,b'0'
2852,b'0'
4,b'0'
3483,b'0'
2795,b'0'
360,b'0'
3073,b'0'
4808,b'0'
1533,b'0'
3879,b'0'
3173,b'0'
1884,b'0'
3691,b'0'
745,b'0'
3974,b'0'
2303,b'0'
244,b'0'
4200,b'0'
4191,b'0'
946,b'0'
3445,b'0'
3019,b'0'
3186,b'0'
4513,b'0'
2896,b'0'
2667,b'0'
3654,b'0'
3860,b'0'
1044,b'0'
5852,b'1'
4517,b'0'
2845,b'0'
165,b'0'
4371,b'0'
2249,b'0'
543,b'0'
1458,b'0'
462,b'0'
4700,b'0'
993,b'0'
5548,b'1'
4554,b'0'
2339,b'0'
1083,b'0'
3952,b'0'
2113,b'0'
5057,b'0'
5601,b'1'
1673,b'0'
2309,b'0'
1062,b'0'
5553,b'1'
3103,b'0'
5833,b'1'
1,b'0'
3124,b'0'
1849,b'0'
4025,b'0'
3284,b'0'
4006,b'0'
4549,b'0'
4573,b'0'
3517,b'0'
2140,b'0'
1477,b'0'
998,b'0'
2912,b'0'
5707,b'1'
3335,b'0'
2957,b'0'
362,b'0'
2873,b'0'
3671,b'0'
3144,b'0'
3296,b'0'
326,b'0'
4008,b'0'
102,b'0'
1925,b'0'
5426,b'0'
90,b'0'
3297,b'0'
3461,b'0'
3911,b'0'
5074,b'0'
4598,b'0'
4166,b'0'
4557,b'0'
3329,b'0'
5469,b'0'
3135,b'0'
4814,b'0'
3059,b'0'
2401,b'0'
1204,b'0'
1950,b'0'
5,b'0'
2776,b'0'
5113,b'0'
269,b'0'
5077,b'0'
2396,b'0'
5564,b'1'
323,b'0'
184,b'0'
5084,b'0'
2386,b'0'
5110,b'0'
1937,b'0'
5336,b'0'
4884,b'0'
763,b'0'
2995,b'0'
2587,b'0'
2613,b'0'
1893,b'0'
3081,b'0'
493,b'0'
4302,b'0'
312,b'0'
1775,b'0'
394,b'0'
2152,b'0'
4928,b'0'
1386,b'0'
1729,b'0'
1887,b'0'
4595,b'0'
1465,b'0'
982,b'0'
700,b'0'
557,b'0'
2533,b'0'
1785,b'0'
4117,b'0'
3699,b'0'
936,b'0'
1355,b'0'
2569,b'0'
2179,b'0'
2269,b'0'
1717,b'0'
3525,b'0'
2279,b'0'
262,b'0'
5376,b'0'
612,b'0'
1329,b'0'
4329,b'0'
1125,b'0'
338,b'0'
2335,b'0'
3956,b'0'
2082,b'0'
706,b'0'
759,b'0'
3438,b'0'
5096,b'0'
1783,b'0'
2144,b'0'
1091,b'0'
897,b'0'
648,b'0'
2267,b'0'
5273,b'0'
904,b'0'
5423,b'0'
3375,b'0'
5866,b'1'
3962,b'0'
506,b'0'
5507,b'1'
1916,b'0'
3379,b'0'
5773,b'1'
1419,b'0'
2787,b'0'
3339,b'0'
932,b'0'
3263,b'0'
4176,b'0'
1940,b'0'
1939,b'0'
3266,b'0'
4478,b'0'
4271,b'0'
5157,b'0'
1795,b'0'
3150,b'0'
1806,b'0'
4823,b'0'
1097,b'0'
1165,b'0'
2010,b'0'
2771,b'0'
5135,b'0'
2421,b'0'
1258,b'0'
5720,b'1'
560,b'0'
4101,b'0'
1980,b'0'
115,b'0'
3475,b'0'
3129,b'0'
5799,b'1'
671,b'0'
5533,b'1'
4611,b'0'
3571,b'0'
5240,b'0'
4799,b'0'
2415,b'0'
3140,b'0'
4415,b'0'
116,b'0'
37,b'0'
4589,b'0'
299,b'0'
989,b'0'
5267,b'0'
4730,b'0'
3210,b'0'
3810,b'0'
5629,b'1'
2399,b'0'
4324,b'0'
4264,b'0'
3861,b'0'
5250,b'0'
5206,b'0'
5756,b'1'
3859,b'0'
2952,b'0'
2913,b'0'
1124,b'0'
5265,b'0'
755,b'0'
1583,b'0'
1812,b'0'
941,b'0'
4368,b'0'
1080,b'0'
3559,b'0'
3522,b'0'
456,b'0'
2528,b'0'
3703,b'0'
4146,b'0'
127,b'0'
3164,b'0'
4538,b'0'
69,b'0'
3519,b'0'
355,b'0'
1869,b'0'
1557,b'0'
5772,b'1'
2001,b'0'
2942,b'0'
922,b'0'
3377,b'0'
1900,b'0'
5682,b'1'
3458,b'0'
3798,b'0'
4472,b'0'
5327,b'0'
2724,b'0'
5458,b'0'
822,b'0'
1042,b'0'
1685,b'0'
1844,b'0'
5325,b'0'
2149,b'0'
877,b'0'
1715,b'0'
4641,b'0'
1582,b'0'
835,b'0'
2972,b'0'
2615,b'0'
3102,b'0'
2839,b'0'
387,b'0'
3843,b'0'
148,b'0'
2381,b'0'
2646,b'0'
2344,b'0'
4477,b'0'
1969,b'0'
3506,b'0'
5576,b'1'
5271,b'0'
4720,b'0'
780,b'0'
1443,b'0'
1161,b'0'
2207,b'0'
1607,b'0'
1176,b'0'
4926,b'0'
4304,b'0'
4576,b'0'
3757,b'0'
1672,b'0'
2077,b'0'
4775,b'0'
1832,b'0'
5670,b'1'
678,b'0'
289,b'0'
1546,b'0'
5414,b'0'
1780,b'0'
1213,b'0'
3456,b'0'
3895,b'0'
4803,b'0'
4565,b'0'
414,b'0'
246,b'0'
4097,b'0'
4199,b'0'
5813,b'1'
2586,b'0'
5900,b'1'
1912,b'0'
1456,b'0'
112,b'0'
738,b'0'
1855,b'0'
1771,b'0'
1911,b'0'
3153,b'0'
708,b'0'
4064,b'0'
1249,b'0'
721,b'0'
5198,b'0'
5255,b'0'
5581,b'1'
2863,b'0'
824,b'0'
3538,b'0'
5331,b'0'
1935,b'0'
5585,b'1'
1791,b'0'
2745,b'0'
900,b'0'
5439,b'0'
3748,b'0'
2005,b'0'
3013,b'0'
559,b'0'
1350,b'0'
2079,b'0'
2191,b'0'
3207,b'0'
4687,b'0'
1064,b'0'
5560,b'1'
5411,b'0'
966,b'0'
225,b'0'
5239,b'0'
2262,b'0'
4033,b'0'
1967,b'0'
2068,b'0'
5400,b'0'
1378,b'0'
2228,b'0'
5258,b'0'
4727,b'0'
4693,b'0'
977,b'0'
1224,b'0'
645,b'0'
4962,b'0'
5124,b'0'
2683,b'0'
3091,b'0'
118,b'0'
416,b'0'
5806,b'1'
4108,b'0'
4947,b'0'
4349,b'0'
92,b'0'
4059,b'0'
4023,b'0'
1031,b'0'
2357,b'0'
3963,b'0'
3938,b'0'
4243,b'0'
2156,b'0'
3781,b'0'
5857,b'1'
5244,b'0'
4334,b'0'
2322,b'0'
4257,b'0'
4001,b'0'
831,b'0'
1781,b'0'
2130,b'0'
5645,b'1'
2060,b'0'
5685,b'1'
5332,b'0'
1903,b'0'
5788,b'1'
3743,b'0'
4317,b'0'
3098,b'0'
515,b'0'
4604,b'0'
2448,b'0'
3394,b'0'
5360,b'0'
867,b'0'
199,b'0'
4106,b'0'
5644,b'1'
5052,b'0'
2698,b'0'
551,b'0'
1000,b'0'
5166,b'0'
2059,b'0'
5647,b'1'
3901,b'0'
1535,b'0'
5561,b'1'
60,b'0'
4114,b'0'
1907,b'0'
122,b'0'
370,b'0'
4079,b'0'
593,b'0'
4910,b'0'
2639,b'0'
1730,b'0'
3354,b'0'
1360,b'0'
120,b'0'
3380,b'0'
5522,b'1'
1261,b'0'
2878,b'0'
5864,b'1'
2624,b'0'
2581,b'0'
2560,b'0'
3131,b'0'
844,b'0'
4379,b'0'
5232,b'0'
864,b'0'
4836,b'0'
735,b'0'
2518,b'0'
1978,b'0'
4578,b'0'
769,b'0'
945,b'0'
1312,b'0'
3523,b'0'
1483,b'0'
236,b'0'
5820,b'1'
1671,b'0'
3074,b'0'
5274,b'0'
2542,b'0'
1947,b'0'
5078,b'0'
4232,b'0'
2665,b'0'
169,b'0'
3245,b'0'
3722,b'0'
1732,b'0'
3357,b'0'
5172,b'0'
4102,b'0'
2886,b'0'
4291,b'0'
5646,b'1'
1663,b'0'
348,b'0'
5014,b'0'
4716,b'0'
3819,b'0'
5248,b'0'
5500,b'1'
804,b'0'
4896,b'0'
2555,b'0'
1345,b'0'
3473,b'0'
4533,b'0'
5207,b'0'
4536,b'0'
1712,b'0'
3914,b'0'
5322,b'0'
3197,b'0'
1304,b'0'
5804,b'1'
341,b'0'
5452,b'0'
890,b'0'
4062,b'0'
1676,b'0'
4622,b'0'
200,b'0'
1991,b'0'
177,b'0'
3149,b'0'
2911,b'0'
868,b'0'
790,b'0'
4343,b'0'
2360,b'0'
3142,b'0'
5401,b'0'
2041,b'0'
4772,b'0'
788,b'0'
5127,b'0'
3730,b'0'
1699,b'0'
5658,b'1'
5740,b'1'
1750,b'0'
5552,b'1'
908,b'0'
4671,b'0'
4189,b'0'
1020,b'0'
5755,b'1'
3484,b'0'
1602,b'0'
1242,b'0'
4487,b'0'
1131,b'0'
400,b'0'
86,b'0'
3563,b'0'
3018,b'0'
923,b'0'
1963,b'0'
5298,b'0'
4969,b'0'
1499,b'0'
4259,b'0'
1391,b'0'
3868,b'0'
1915,b'0'
963,b'0'
374,b'0'
5003,b'0'
4495,b'0'
4651,b'0'
3494,b'0'
3591,b'0'
5822,b'1'
3831,b'0'
4052,b'0'
3567,b'0'
2678,b'0'
5292,b'0'
854,b'0'
3527,b'0'
2063,b'0'
1817,b'0'
1895,b'0'
5875,b'1'
3326,b'0'
950,b'0'
393,b'0'
614,b'0'
1406,b'0'
4905,b'0'
3991,b'0'
4545,b'0'
3317,b'0'
1877,b'0'
5904,b'1'
956,b'0'
2331,b'0'
3990,b'0'
2109,b'0'
276,b'0'
698,b'0'
5016,b'0'
4132,b'0'
4093,b'0'
692,b'0'
2398,b'0'
1139,b'0'
4968,b'0'
32,b'0'
3449,b'0'
146,b'0'
2648,b'0'
1027,b'0'
4407,b'0'
5305,b'0'
2292,b'0'
5022,b'0'
3761,b'0'
1845,b'0'
5608,b'1'
4338,b'0'
1453,b'0'
5673,b'1'
5108,b'0'
1759,b'0'
1230,b'0'
4957,b'0'
5695,b'1'
1725,b'0'
4174,b'0'
4467,b'0'
511,b'0'
1240,b'0'
4985,b'0'
561,b'0'
5490,b'0'
4075,b'0'
279,b'0'
2374,b'0'
762,b'0'
1367,b'0'
2558,b'0'
2819,b'0'
3688,b'0'
1494,b'0'
2841,b'0'
1873,b'0'
3896,b'0'
1828,b'0'
361,b'0'
4900,b'0'
3776,b'0'
4759,b'0'
1846,b'0'
503,b'0'
1302,b'0'
3157,b'0'
3228,b'0'
2652,b'0'
1921,b'0'
5858,b'1'
2393,b'0'
5613,b'1'
675,b'0'
1144,b'0'
4118,b'0'
4426,b'0'
4133,b'0'
124,b'0'
3113,b'0'
1731,b'0'
1364,b'0'
3070,b'0'
4468,b'0'
3056,b'0'
1799,b'0'
4461,b'0'
1760,b'0'
1604,b'0'
4811,b'0'
1190,b'0'
784,b'0'
3067,b'0'
4046,b'0'
5073,b'0'
1219,b'0'
2979,b'0'
1469,b'0'
1327,b'0'
5228,b'0'
4525,b'0'
1742,b'0'
5586,b'1'
4618,b'0'
3723,b'0'
254,b'0'
880,b'0'
221,b'0'
2213,b'0'
800,b'0'
4547,b'0'
3212,b'0'
1922,b'0'
1238,b'0'
3601,b'0'
3579,b'0'
3341,b'0'
5902,b'1'
1296,b'0'
2681,b'0'
1827,b'0'
4378,b'0'
2311,b'0'
1998,b'0'
2844,b'0'
849,b'0'
1370,b'0'
5169,b'0'
4479,b'0'
4090,b'0'
3918,b'0'
3593,b'0'
3292,b'0'
3619,b'0'
5222,b'0'
775,b'0'
4644,b'0'
803,b'0'
2933,b'0'
2735,b'0'
2002,b'0'
2204,b'0'
3580,b'0'
2256,b'0'
2579,b'0'
1971,b'0'
3586,b'0'
1816,b'0'
0,b'0'
1231,b'0'
4296,b'0'
4526,b'0'
4681,b'0'
5170,b'0'
1028,b'0'
2009,b'0'
2677,b'0'
2247,b'0'
3466,b'0'
896,b'0'
328,b'0'
4224,b'0'
2804,b'0'
1756,b'0'
743,b'0'
1654,b'0'
5674,b'1'
5652,b'1'
1778,b'0'
2899,b'0'
644,b'0'
3485,b'0'
3365,b'0'
3511,b'0'
4515,b'0'
1380,b'0'
2301,b'0'
2419,b'0'
2907,b'0'
5369,b'0'
1452,b'0'
4410,b'0'
333,b'0'
2277,b'0'
5059,b'0'
2576,b'0'
2128,b'0'
732,b'0'
4530,b'0'
2122,b'0'
2871,b'0'
4725,b'0'
428,b'0'
5349,b'0'
1789,b'0'
4440,b'0'
3514,b'0'
1233,b'0'
2100,b'0'
1399,b'0'
791,b'0'
1225,b'0'
2840,b'0'
5600,b'1'
3659,b'0'
1896,b'0'
3409,b'0'
2824,b'0'
4456,b'0'
3996,b'0'
364,b'0'
5139,b'0'
951,b'0'
411,b'0'
3489,b'0'
650,b'0'
114,b'0'
2849,b'0'
1815,b'0'
2134,b'0'
1879,b'0'
3430,b'0'
3644,b'0'
5776,b'1'
747,b'0'
3548,b'0'
969,b'0'
4080,b'0'
4044,b'0'
1489,b'0'
1476,b'0'
1694,b'0'
1215,b'0'
4303,b'0'
4178,b'0'
473,b'0'
5488,b'0'
2894,b'0'
3558,b'0'
3060,b'0'
3600,b'0'
1762,b'0'
1034,b'0'
2062,b'0'
2308,b'0'
4527,b'0'
5346,b'0'
1371,b'0'
1148,b'0'
4945,b'0'
4377,b'0'
5010,b'0'
5684,b'1'
1512,b'0'
4419,b'0'
1246,b'0'
1539,b'0'
3008,b'0'
2142,b'0'
5450,b'0'
1941,b'0'
3410,b'0'
1227,b'0'
170,b'0'
5457,b'0'
1506,b'0'
70,b'0'
5180,b'0'
398,b'0'
1959,b'0'
5225,b'0'
1569,b'0'
1700,b'0'
3442,b'0'
5607,b'1'
1716,b'0'
4523,b'0'
4083,b'0'
5509,b'1'
1932,b'0'
4580,b'0'
4145,b'0'
2891,b'0'
664,b'0'
5619,b'1'
4091,b'0'
1098,b'0'
4828,b'0'
2110,b'0'
3802,b'0'
4012,b'0'
5413,b'0'
449,b'0'
3308,b'0'
5386,b'0'
3543,b'0'
4695,b'0'
4175,b'0'
1996,b'0'
3710,b'0'
4735,b'0'
272,b'0'
5270,b'0'
3829,b'0'
3258,b'0'
3797,b'0'
801,b'0'
4760,b'0'
4241,b'0'
5877,b'1'
4357,b'0'
2974,b'0'
618,b'0'
5655,b'1'
231,b'0'
3421,b'0'
3170,b'0'
1438,b'0'
2521,b'0'
5868,b'1'
486,b'0'
5584,b'1'
1631,b'0'
630,b'0'
3083,b'0'
1178,b'0'
2074,b'0'
3727,b'0'
1133,b'0'
4784,b'0'
1612,b'0'
202,b'0'
2457,b'0'
5343,b'0'
117,b'0'
1451,b'0'
4332,b'0'
587,b'0'
4019,b'0'
2595,b'0'
5874,b'1'
1105,b'0'
322,b'0'
680,b'0'
1255,b'0'
905,b'0'
2782,b'0'
2023,b'0'
1297,b'0'
4020,b'0'
2986,b'0'
2666,b'0'
2919,b'0'
3867,b'0'
5582,b'1'
4056,b'0'
1975,b'0'
2718,b'0'
2106,b'0'
1214,b'0'
5243,b'0'
1432,b'0'
1627,b'0'
1892,b'0'
1988,b'0'
513,b'0'
5639,b'1'
3972,b'0'
4225,b'0'
2317,b'0'
4341,b'0'
1792,b'0'
3254,b'0'
1254,b'0'
574,b'0'
2364,b'0'
4015,b'0'
1363,b'0'
2998,b'0'
2956,b'0'
5112,b'0'
303,b'0'
4777,b'0'
3926,b'0'
3184,b'0'
1127,b'0'
2923,b'0'
5501,b'1'
1841,b'0'
5511,b'1'
5715,b'1'
534,b'0'
1888,b'0'
5611,b'1'
2318,b'0'
1562,b'0'
1556,b'0'
2161,b'0'
4406,b'0'
4866,b'0'
3282,b'0'
1241,b'0'
1578,b'0'
222,b'0'
2330,b'0'
3578,b'0'
5513,b'1'
1568,b'0'
673,b'0'
521,b'0'
2361,b'0'
3425,b'0'
1287,b'0'
176,b'0'
1951,b'0'
3697,b'0'
4096,b'0'
2432,b'0'
3823,b'0'
886,b'0'
1560,b'0'
4401,b'0'
5118,b'0'
2305,b'0'
5380,b'0'
940,b'0'
5204,b'0'
5542,b'1'
516,b'0'
1679,b'0'
1134,b'0'
1108,b'0'
3338,b'0'
5195,b'0'
145,b'0'
1863,b'0'
2158,b'0'
4568,b'0'
1187,b'0'
564,b'0'
3682,b'0'
5009,b'0'
427,b'0'
1202,b'0'
848,b'0'
901,b'0'
3004,b'0'
2203,b'0'
366,b'0'
2362,b'0'
4331,b'0'
2799,b'0'
4284,b'0'
3982,b'0'
1738,b'0'
1526,b'0'
5219,b'0'
4016,b'0'
4253,b'0'
3750,b'0'
3486,b'0'
826,b'0'
4800,b'0'
1017,b'0'
3033,b'0'
3537,b'0'
1808,b'0'
4226,b'0'
136,b'0'
2185,b'0'
2934,b'0'
2905,b'0'
4217,b'0'
2411,b'0'
3211,b'0'
730,b'0'
3617,b'0'
4373,b'0'
3773,b'0'
3440,b'0'
2726,b'0'
4713,b'0'
5093,b'0'
4911,b'0'
652,b'0'
3775,b'0'
3832,b'0'
4036,b'0'
4011,b'0'
925,b'0'
67,b'0'
159,b'0'
1268,b'0'
121,b'0'
4623,b'0'
834,b'0'
807,b'0'
52,b'0'
5193,b'0'
4994,b'0'
3906,b'0'
4127,b'0'
3726,b'0'
2768,b'0'
811,b'0'
5898,b'1'
2925,b'0'
3495,b'0'
2738,b'0'
441,b'0'
228,b'0'
3841,b'0'
5047,b'0'
5130,b'0'
5480,b'0'
442,b'0'
3429,b'0'
1306,b'0'
160,b'0'
161,b'0'
2273,b'0'
4092,b'0'
3863,b'0'
1751,b'0'
2693,b'0'
990,b'0'
5733,b'1'
467,b'0'
2474,b'0'
4788,b'0'
728,b'0'
1172,b'0'
5583,b'1'
1800,b'0'
3160,b'0'
3889,b'0'
4278,b'0'
4726,b'0'
5742,b'1'
5302,b'0'
3016,b'0'
2131,b'0'
1069,b'0'
958,b'0'
4882,b'0'
5714,b'1'
2967,b'0'
5357,b'0'
2016,b'0'
4197,b'0'
5442,b'0'
565,b'0'
1466,b'0'
2414,b'0'
238,b'0'
2429,b'0'
2264,b'0'
1860,b'0'
2981,b'0'
5543,b'1'
3371,b'0'
4661,b'0'
1926,b'0'
4592,b'0'
72,b'0'
1290,b'0'
4030,b'0'
2757,b'0'
227,b'0'
4675,b'0'
288,b'0'
2499,b'0'
3203,b'0'
3166,b'0'
5473,b'0'
1518,b'0'
3348,b'0'
3340,b'0'
753,b'0'
2071,b'0'
2329,b'0'
14,b'0'
3815,b'0'
5555,b'1'
1567,b'0'
5752,b'1'
3755,b'0'
1889,b'0'
5031,b'0'
772,b'0'
2860,b'0'
1185,b'0'
4184,b'0'
5063,b'0'
4445,b'0'
4648,b'0'
5477,b'0'
3202,b'0'
2180,b'0'
4397,b'0'
3646,b'0'
2660,b'0'
3079,b'0'
4372,b'0'
2608,b'0'
2707,b'0'
3459,b'0'
5394,b'0'
2630,b'0'
3604,b'0'
3432,b'0'
208,b'0'
4812,b'0'
270,b'0'
3934,b'0'
5719,b'1'
3355,b'0'
3977,b'0'
5580,b'1'
4038,b'0'
1946,b'0'
138,b'0'
1628,b'0'
2786,b'0'
3534,b'0'
2769,b'0'
666,b'0'
2255,b'0'
2898,b'0'
5350,b'0'
2879,b'0'
4312,b'0'
1413,b'0'
88,b'0'
2994,b'0'
2968,b'0'
3048,b'0'
497,b'0'
5885,b'1'
546,b'0'
1558,b'0'
5831,b'1'
3547,b'0'
1507,b'0'
3734,b'0'
5333,b'0'
4995,b'0'
5821,b'1'
4916,b'0'
3648,b'0'
5192,b'0'
5823,b'1'
251,b'0'
15,b'0'
2493,b'0'
3846,b'0'
2098,b'0'
291,b'0'
2982,b'0'
286,b'0'
5711,b'1'
3735,b'0'
4748,b'0'
3105,b'0'
2645,b'0'
4927,b'0'
5531,b'1'
35,b'0'
4231,b'0'
2403,b'0'
4830,b'0'
2265,b'0'
241,b'0'
2864,b'0'
994,b'0'
5812,b'1'
4042,b'0'
613,b'0'
4367,b'0'
1435,b'0'
1767,b'0'
1282,b'0'
5579,b'1'
2739,b'0'
5247,b'0'
1905,b'0'
4754,b'0'
774,b'0'
4040,b'0'
4351,b'0'
4950,b'0'
5769,b'1'
5474,b'0'
3146,b'0'
166,b'0'
5209,b'0'
249,b'0'
5610,b'1'
5696,b'1'
1686,b'0'
3971,b'0'
2876,b'0'
2722,b'0'
3491,b'0'
610,b'0'
110,b'0'
2865,b'0'
4731,b'0'
1463,b'0'
1495,b'0'
3032,b'0'
375,b'0'
3530,b'0'
4073,b'0'
4637,b'0'
2758,b'0'
1894,b'0'
741,b'0'
4902,b'0'
4130,b'0'
215,b'0'
4242,b'0'
5595,b'1'
3902,b'0'
2210,b'0'
4336,b'0'
4769,b'0'
1677,b'0'
7,b'0'
4632,b'0'
2692,b'0'
5738,b'1'
3638,b'0'
4014,b'0'
154,b'0'
4966,b'0'
4569,b'0'
4152,b'0'
2187,b'0'
914,b'0'
2283,b'0'
3452,b'0'
556,b'0'
3674,b'0'
74,b'0'
3979,b'0'
3055,b'0'
1365,b'0'
3467,b'0'
4795,b'0'
3068,b'0'
1450,b'0'
4180,b'0'
1514,b'0'
866,b'0'
4504,b'0'
1047,b'0'
3423,b'0'
4287,b'0'
684,b'0'
5796,b'1'
2454,b'0'
4214,b'0'
82,b'0'
2563,b'0'
5718,b'1'
4292,b'0'
3848,b'0'
5675,b'1'
2987,b'0'
109,b'0'
3569,b'0'
4219,b'0'
5834,b'1'
3133,b'0'
1299,b'0'
1831,b'0'
5396,b'0'
4570,b'0'
2490,b'0'
1528,b'0'
4983,b'0'
5284,b'0'
1471,b'0'
1948,b'0'
4590,b'0'
5415,b'0'
478,b'0'
1050,b'0'
1629,b'0'
4912,b'0'
2250,b'0'
5824,b'1'
4970,b'0'
5809,b'1'
3132,b'0'
264,b'0'
646,b'0'
3401,b'0'
2022,b'0'
1718,b'0'
1758,b'0'
4281,b'0'
4473,b'0'
418,b'0'
4997,b'0'
2546,b'0'
4364,b'0'
3533,b'0'
5661,b'1'
1968,b'0'
3393,b'0'
3159,b'0'
2509,b'0'
3012,b'0'
971,b'0'
5408,b'0'
1488,b'0'
911,b'0'
1661,b'0'
4745,b'0'
5144,b'0'
5382,b'0'
5175,b'0'
4496,b'0'
340,b'0'
1544,b'0'
1084,b'0'
3508,b'0'
1625,b'0'
2177,b'0'
3791,b'0'
13,b'0'
2772,b'0'
3167,b'0'
3260,b'0'
3850,b'0'
3780,b'0'
1504,b'0'
527,b'0'
390,b'0'
3026,b'0'
3598,b'0'
4628,b'0'
2721,b'0'
3705,b'0'
2704,b'0'
3492,b'0'
5593,b'1'
2085,b'0'
446,b'0'
424,b'0'
5387,b'0'
757,b'0'
3389,b'0'
2390,b'0'
280,b'0'
3037,b'0'
1493,b'0'
2222,b'0'
1167,b'0'
2811,b'0'
4315,b'0'
4806,b'0'
2690,b'0'
621,b'0'
4471,b'0'
4374,b'0'
2515,b'0'
369,b'0'
2183,b'0'
5451,b'0'
2004,b'0'
4709,b'0'
4802,b'0'
5231,b'0'
2881,b'0'
5152,b'0'
2882,b'0'
54,b'0'
1645,b'0'
2791,b'0'
4204,b'0'
929,b'0'
2568,b'0'
4822,b'0'
895,b'0'
4163,b'0'
3187,b'0'
1351,b'0'
2508,b'0'
2018,b'0'
3611,b'0'
2230,b'0'
4169,b'0'
1262,b'0'
77,b'0'
601,b'0'
3526,b'0'
4669,b'0'
3516,b'0'
2027,b'0'
4696,b'0'
5757,b'1'
1442,b'0'
4584,b'0'
2353,b'0'
4827,b'0'
3279,b'0'
3227,b'0'
1798,b'0'
2656,b'0'
5137,b'0'
2356,b'0'
5428,b'0'
476,b'0'
2626,b'0'
18,b'0'
53,b'0'
5713,b'1'
3792,b'0'
4050,b'0'
2484,b'0'
296,b'0'
1361,b'0'
1919,b'0'
3660,b'0'
5141,b'0'
2460,b'0'
5281,b'0'
2814,b'0'
3540,b'0'
1377,b'0'
1955,b'0'
3864,b'0'
2553,b'0'
2663,b'0'
659,b'0'
5371,b'0'
2963,b'0'
3944,b'0'
1931,b'0'
4181,b'0'
1164,b'0'
4631,b'0'
300,b'0'
5036,b'0'
2244,b'0'
1804,b'0'
4659,b'0'
3271,b'0'
4597,b'0'
3420,b'0'
674,b'0'
2314,b'0'
4136,b'0'
2346,b'0'
789,b'0'
2328,b'0'
1830,b'0'
2108,b'0'
4375,b'0'
3968,b'0'
4295,b'0'
3392,b'0'
4421,b'0'
2024,b'0'
5148,b'0'
1048,b'0'
847,b'0'
3099,b'0'
1374,b'0'
2286,b'0'
2642,b'0'
420,b'0'
3869,b'0'
5013,b'0'
1498,b'0'
4738,b'0'
1938,b'0'
2343,b'0'
2231,b'0'
5518,b'1'
2316,b'0'
2857,b'0'
1990,b'0'
1984,b'0'
4313,b'0'
3148,b'0'
4205,b'0'
5106,b'0'
1840,b'0'
2482,b'0'
3983,b'0'
4289,b'0'
3675,b'0'
1920,b'0'
47,b'0'
3470,b'0'
4712,b'0'
1540,b'0'
4903,b'0'
2439,b'0'
5111,b'0'
3665,b'0'
315,b'0'
1264,b'0'
113,b'0'
5838,b'1'
501,b'0'
212,b'0'
2954,b'0'
2816,b'0'
2759,b'0'
2590,b'0'
1487,b'0'
252,b'0'
2527,b'0'
2226,b'0'
1850,b'0'
381,b'0'
615,b'0'
3890,b'0'
4307,b'0'
389,b'0'
5502,b'1'
2895,b'0'
4665,b'0'
4510,b'0'
1587,b'0'
5599,b'1'
4825,b'0'
2765,b'0'
3878,b'0'
3746,b'0'
4870,b'0'
125,b'0'
4817,b'0'
4223,b'0'
805,b'0'
1701,b'0'
2838,b'0'
3328,b'0'
3010,b'0'
2036,b'0'
2307,b'0'
537,b'0'
5419,b'0'
4076,b'0'
2263,b'0'
4193,b'0'
4643,b'0'
2633,b'0'
3369,b'0'
282,b'0'
5847,b'1'
2657,b'0'
3234,b'0'
1753,b'0'
5068,b'0'
1130,b'0'
4434,b'0'
3138,b'0'
4412,b'0'
818,b'0'
1455,b'0'
4417,b'0'
1651,b'0'
5708,b'1'
2238,b'0'
5750,b'1'
2366,b'0'
104,b'0'
2202,b'0'
3615,b'0'
2006,b'0'
541,b'0'
2760,b'0'
3122,b'0'
578,b'0'
2369,b'0'
5272,b'0'
635,b'0'
981,b'0'
4939,b'0'
5574,b'1'
1462,b'0'
942,b'0'
4865,b'0'
881,b'0'
1472,b'0'
3281,b'0'
5054,b'0'
4744,b'0'
4095,b'0'
386,b'0'
5125,b'0'
5341,b'0'
3359,b'0'
3754,b'0'
3413,b'0'
4202,b'0'
2675,b'0'
4077,b'0'
5269,b'0'
709,b'0'
367,b'0'
3072,b'0'
2926,b'0'
3696,b'0'
1688,b'0'
5659,b'1'
4177,b'0'
4986,b'0'
1511,b'0'
1787,b'0'
2031,b'0'
4116,b'0'
3054,b'0'
4413,b'0'
4170,b'0'
2851,b'0'
1646,b'0'
5832,b'1'
3760,b'0'
4650,b'0'
5217,b'0'
432,b'0'
961,b'0'
3396,b'0'
3161,b'0'
4474,b'0'
1118,b'0'
888,b'0'
1561,b'0'
631,b'0'
2053,b'0'
1072,b'0'
2583,b'0'
5565,b'1'
5407,b'0'
207,b'0'
1170,b'0'
1606,b'0'
3854,b'0'
436,b'0'
2271,b'0'
317,b'0'
3478,b'0'
3649,b'0'
4965,b'0'
4539,b'0'
1825,b'0'
500,b'0'
1574,b'0'
4674,b'0'
150,b'0'
1046,b'0'
1394,b'0'
3362,b'0'
2394,b'0'
2855,b'0'
1353,b'0'
94,b'0'
1114,b'0'
2154,b'0'
5636,b'1'
2048,b'0'
2969,b'0'
1330,b'0'
2498,b'0'
2790,b'0'
2367,b'0'
742,b'0'
4790,b'0'
474,b'0'
5133,b'0'
1929,b'0'
4552,b'0'
1763,b'0'
458,b'0'
5091,b'0'
2577,b'0'
265,b'0'
1025,b'0'
3262,b'0'
3436,b'0'
4978,b'0'
2468,b'0'
5690,b'1'
2632,b'0'
586,b'0'
3858,b'0'
827,b'0'
5064,b'0'
852,b'0'
5539,b'1'
4929,b'0'
1274,b'0'
642,b'0'
2013,b'0'
2500,b'0'
4082,b'0'
3751,b'0'
5787,b'1'
2220,b'0'
3603,b'0'
1102,b'0'
4433,b'0'
5080,b'0'
5729,b'1'
1508,b'0'
3564,b'0'
5777,b'1'
403,b'0'
1107,b'0'
3984,b'0'
2909,b'0'
1385,b'0'
5101,b'0'
1043,b'0'
3687,b'0'
2014,b'0'
193,b'0'
5438,b'0'
2609,b'0'
609,b'0'
1605,b'0'
3342,b'0'
3631,b'0'
5701,b'1'
2572,b'0'
885,b'0'
3001,b'0'
3306,b'0'
5233,b'0'
4676,b'0'
1986,b'0'
5795,b'1'
4403,b'0'
1813,b'0'
3047,b'0'
1995,b'0'
2174,b'0'
1158,b'0'
2028,b'0'
1485,b'0'
5420,b'0'
306,b'0'
295,b'0'
1272,b'0'
4389,b'0'
4383,b'0'
4119,b'0'
968,b'0'
5043,b'0'
2805,b'0'
3624,b'0'
4668,b'0'
656,b'0'
1982,b'0'
4861,b'0'
2430,b'0'
851,b'0'
3196,b'0'
5418,b'0'
4850,b'0'
4405,b'0'
5048,b'0'
31,b'0'
2534,b'0'
736,b'0'
5510,b'1'
2232,b'0'
3633,b'0'
2529,b'0'
1954,b'0'
4581,b'0'
1586,b'0'
3286,b'0'
1570,b'0'
4779,b'0'
3036,b'0'
3244,b'0'
